{"_wandb":{"runtime":1666},"train/approx_kl":0.009987189,"train/value_loss":133.18526,"train/std":0.43054697,"_step":4760,"train/learning_rate":0.0003,"time/fps":3614,"train/policy_gradient_loss":-0.013941031,"rollout/ep_len_mean":101,"_runtime":1666,"train/clip_fraction":0.11585083,"train/loss":59.793533,"train/explained_variance":-0.0015687943,"_timestamp":1.770823768015486e+09,"global_step":6012928,"rollout/ep_rew_mean":88.08301,"train/clip_range":0.2,"train/entropy_loss":-3.934493}