{"train/loss":56.06277,"train/approx_kl":0.041088816,"_step":3174,"train/std":0.41721582,"train/clip_fraction":0.37787274,"train/value_loss":174.19016,"rollout/ep_rew_mean":86.334465,"train/entropy_loss":-3.767806,"_timestamp":1.770163562047539e+09,"_runtime":1476,"time/fps":2046,"global_step":3010560,"train/learning_rate":0.0003,"train/explained_variance":0.37234294,"train/policy_gradient_loss":-0.02355978,"rollout/ep_len_mean":73.13,"train/clip_range":0.2,"_wandb":{"runtime":1476}}