{"_runtime":1668,"rollout/ep_rew_mean":83.95811,"train/policy_gradient_loss":-0.013685418,"rollout/ep_len_mean":101,"train/std":0.4056476,"train/clip_fraction":0.13626099,"train/learning_rate":0.0003,"train/loss":62.860245,"train/value_loss":116.7014,"_timestamp":1.770917663713641e+09,"train/approx_kl":0.012643567,"train/clip_range":0.2,"time/fps":3608,"_step":4760,"train/explained_variance":0.023155272,"global_step":6012928,"_wandb":{"runtime":1668},"train/entropy_loss":-3.5496037}