{"_runtime":2453,"train/loss":51.250084,"train/policy_gradient_loss":-0.01678321,"train/value_loss":121.93935,"train/clip_fraction":0.3019348,"rollout/ep_rew_mean":85.93782,"_step":4760,"train/std":0.85747534,"train/entropy_loss":-8.806591,"_wandb":{"runtime":2453},"rollout/ep_len_mean":101,"time/fps":2455,"_timestamp":1.7707365946129448e+09,"train/approx_kl":0.025476592,"global_step":6012928,"train/learning_rate":0.0003,"train/explained_variance":0.008219957,"train/clip_range":0.2}