{"_timestamp":1.769970876872292e+09,"train/explained_variance":0.60521287,"train/policy_gradient_loss":-0.00024105691,"rollout/ep_rew_mean":7.40253,"train/loss":38.719597,"_step":3174,"train/std":0.592371,"train/learning_rate":0.0003,"train/value_loss":81.81291,"time/fps":1723,"train/approx_kl":0.026741952,"global_step":3010560,"train/clip_fraction":0.26723632,"_wandb":{"runtime":1750},"rollout/ep_len_mean":4.14,"_runtime":1750,"train/clip_range":0.2,"train/entropy_loss":-6.2220426}