{"train/policy_gradient_loss":-0.0005749469,"train/entropy_loss":-6.990853,"_runtime":1754,"global_step":3010560,"train/std":0.6601555,"train/clip_fraction":0.32260743,"train/explained_variance":0.6047536,"train/approx_kl":0.030383447,"rollout/ep_rew_mean":7.6275196,"time/fps":1719,"_step":3174,"train/loss":88.94845,"_timestamp":1.770076567181379e+09,"train/learning_rate":0.0003,"train/value_loss":38.80589,"train/clip_range":0.2,"rollout/ep_len_mean":4.33,"_wandb":{"runtime":1754}}