{"train/value_loss":510.58725,"train/clip_fraction":0.21588746,"train/std":0.18932939,"global_step":6012928,"_runtime":1808,"train/approx_kl":0.021302275,"_timestamp":1.770942379807156e+09,"train/learning_rate":0.0003,"train/clip_range":0.2,"train/policy_gradient_loss":0.0007506446,"rollout/ep_rew_mean":155.73846,"time/fps":3328,"rollout/ep_len_mean":101,"train/entropy_loss":1.7913872,"_wandb":{"runtime":1808},"train/loss":250.71455,"_step":4760,"train/explained_variance":0.01320529}