{"rollout/ep_rew_mean":6.457229,"_timestamp":1.770651991273792e+09,"train/value_loss":4.5010448,"train/clip_fraction":0.33546752,"train/loss":2.5841627,"train/policy_gradient_loss":0.0011403827,"train/learning_rate":0.0003,"rollout/ep_len_mean":100.2,"train/entropy_loss":0.0015075584,"train/std":0.24499206,"_runtime":2455,"time/fps":2453,"train/clip_range":0.2,"train/explained_variance":0.07258576,"train/approx_kl":0.029662987,"global_step":6012928,"_wandb":{"runtime":2455},"_step":4760}