{"_runtime":2480,"time/fps":2429,"_timestamp":1.770818325843294e+09,"train/learning_rate":0.0003,"train/loss":46.138237,"train/std":0.09825468,"rollout/ep_len_mean":99.68,"train/entropy_loss":6.3630857,"rollout/ep_rew_mean":69.97947,"train/policy_gradient_loss":0.017435951,"_wandb":{"runtime":2480},"_step":4760,"train/clip_fraction":0.43965453,"train/clip_range":0.2,"global_step":6012928,"train/value_loss":95.430756,"train/explained_variance":0.14152133,"train/approx_kl":0.044059336}