{"train/clip_range":0.2,"global_step":6008832,"_step":6346,"train/loss":14.489604,"_timestamp":1.770426860845074e+09,"_wandb":{"runtime":2745},"train/clip_fraction":0.38946125,"train/explained_variance":-0.04224527,"train/std":0.38627097,"train/entropy_loss":-3.2424042,"train/policy_gradient_loss":-0.015442662,"train/value_loss":34.81327,"time/fps":2191,"rollout/ep_len_mean":100.07,"rollout/ep_rew_mean":5.945926,"train/learning_rate":0.0003,"train/approx_kl":0.039564986,"_runtime":2745}