{"train/clip_fraction":0.3027832,"time/fps":2112,"train/learning_rate":0.0003,"train/loss":16.018908,"_timestamp":1.77016613038498e+09,"train/clip_range":0.2,"train/value_loss":30.273912,"rollout/ep_len_mean":99.65,"train/std":0.55308694,"_runtime":1429,"global_step":3010560,"train/approx_kl":0.026840562,"train/policy_gradient_loss":-0.014452534,"_step":3174,"train/explained_variance":-0.039350033,"_wandb":{"runtime":1429},"rollout/ep_rew_mean":5.199051,"train/entropy_loss":-5.7366657}